Modelo,Acurácia Global,F1-Score Global,Tempo de Treino (s),Tempo de Teste (s)
MobileNetV2,0.6173913043478261,0.5193959227619817,637.0639088153839,7.724193096160889
InceptionResNetV2,0.8,0.7688045769346582,1223.9239370822906,24.861098766326904
VGG19,0.7304347826086957,0.6860280953036773,,25.307863473892212
Xception,0.7652173913043478,0.7181399553634488,,37.07744598388672
InceptionV3,0.7913043478260869,0.7512748689219277,,27.582284927368164
